Name,_01,_02,_03,_04,_05,_06,_07,_08,_09,_10,_11,_12
X0058_Y0033,32.142857,68.3,40.903225,37.151516,91.09091,87.545456,72.454544,51.121212,36.39394,30.0,70.51515,86.77419
X0058_Y0034,46.796295,12.642858,51.718487,23.17227,92.336136,92.36975,80.57143,32.806725,62.12605,48.7521,54.084747,86.1203
X0059_Y0034,69.684746,45.599323,47.582916,42.018627,96.29495,57.19255,72.320595,60.169487,73.9638,48.05209,47.762623,82.92459
X0060_Y0034,-0.9052858,57.8933,22.781647,38.01218,98.21053,77.44635,76.285385,54.725353,67.39305,41.96431,54.63455,51.180912
X0061_Y0034,-12.0478525,43.88248,14.932594,38.994865,96.3604,85.43722,83.82612,35.451206,57.13251,32.739952,34.89701,49.44393
X0058_Y0035,100.0,67.233765,91.43578,43.45188,95.271965,46.012554,72.52301,40.56904,85.301254,51.594143,32.70476,37.29932
X0059_Y0035,85.625,65.4302,75.338104,29.767643,98.47557,66.98914,73.75733,67.43431,64.66102,18.656895,19.522877,69.26514
X0060_Y0035,58.18182,51.810955,84.55815,29.982477,98.99544,76.32278,69.77174,52.038303,58.448383,57.46707,13.031338,17.555809
X0061_Y0035,89.21875,61.234325,64.92232,25.036774,97.3156,80.99573,78.25581,63.515118,53.873024,37.309002,27.682674,42.87321
X0062_Y0035,94.77273,56.40185,50.241234,7.9043565,89.70706,80.92514,74.865295,39.838757,43.694016,30.256636,68.13136,58.07736
X0064_Y0035,39.64356,40.910385,41.201714,18.638577,81.499405,25.635311,37.84154,51.495846,46.92433,52.07092,29.152704,
X0068_Y0035,40.175945,9.141079,44.836437,29.89648,55.83851,54.770187,50.21532,40.90269,31.908903,57.302277,62.393375,86.049416
X0069_Y0035,95.607864,53.941498,41.270954,21.987238,69.734604,40.83266,76.74489,53.22985,41.615704,84.76403,71.43344,60.64502
X0070_Y0035,96.345985,25.85702,68.14368,27.531916,92.80647,14.037607,77.586876,92.41376,67.98547,72.52077,66.07352,77.117004
X0058_Y0036,,,,,,,,,,,,
X0059_Y0036,98.611115,97.316185,10.97254,47.541386,98.40716,79.61745,74.225204,33.234154,-9.310216,31.201342,30.257765,93.768776
X0060_Y0036,35.410957,83.98262,3.293269,30.855244,96.29216,57.316334,58.295097,62.05779,51.46189,66.22234,71.13289,36.15645
X0061_Y0036,75.33758,47.752125,33.28574,20.3547,96.282936,67.13313,67.29667,57.015884,57.890476,53.683876,73.258896,40.39597
X0062_Y0036,81.20192,22.931389,74.294914,28.139595,90.597534,60.455456,65.199036,46.60952,46.659393,55.455456,61.43736,43.644073
X0063_Y0036,85.94782,-0.29254556,73.39082,17.899132,74.294785,30.339415,63.934093,59.066013,55.520306,64.52595,57.27185,53.686516
X0064_Y0036,19.699438,2.847295,44.21306,25.736933,76.35647,29.789204,69.344475,75.37532,74.03428,70.82176,69.61351,
X0065_Y0036,98.333336,-5.5882354,0.7058824,20.941177,82.82353,-11.764706,90.52941,-14.117647,91.94118,33.588234,41.058823,
X0066_Y0036,,,,,,,,,,,,
X0067_Y0036,0.5099715,6.5393276,3.0565696,2.2942817,79.357895,35.67053,61.542213,-4.6954074,45.356762,79.6291,69.93946,6.7172728
X0068_Y0036,11.813182,28.240398,7.002837,13.705118,87.99364,55.497593,63.79338,27.278296,69.46373,75.49364,68.96782,47.773575
X0069_Y0036,86.78335,61.53408,49.244152,9.806247,77.41238,56.471157,86.16644,59.325012,73.5278,83.658264,77.78574,66.59484
X0070_Y0036,92.63636,48.272064,46.32442,39.975616,90.0427,20.329248,90.06189,72.82411,84.815575,77.365265,63.40241,61.637005
X0057_Y0037,,,,,,,,,,,,
X0058_Y0037,,,,,,,,,,,,
X0059_Y0037,97.0,95.66263,39.924427,45.373062,92.28552,81.3468,78.62896,37.077442,-14.010775,45.360943,63.823444,62.05763
X0060_Y0037,-3.9147582,59.415924,50.648,37.458073,87.81843,91.202614,77.78818,33.286892,60.51842,69.72119,49.727436,32.866283
X0061_Y0037,-9.544993,27.345331,58.5146,29.80836,94.3217,80.77725,69.20239,60.362988,67.1741,68.877525,57.536877,42.762756
X0062_Y0037,70.5814,8.138814,72.65623,21.728016,88.60393,58.294235,46.519863,61.42014,70.944885,61.682255,61.57573,48.26053
X0063_Y0037,99.433876,-9.065113,45.197563,14.161696,73.983475,50.279537,60.19607,71.46587,61.574207,46.699665,58.73601,43.82827
X0064_Y0037,46.87777,-7.114291,6.349459,27.50033,83.912384,17.786924,64.11031,67.36534,62.445274,43.249866,77.52748,42.857143
X0065_Y0037,48.63931,19.237509,27.689234,11.285801,84.80197,36.834625,64.24449,17.87016,86.22688,80.25057,67.00577,69.793045
X0066_Y0037,40.910595,29.399717,0.9742303,17.86248,89.49564,31.960472,67.593315,29.116133,59.922806,81.12384,60.009987,66.15919
X0067_Y0037,43.09467,42.512558,-7.9825306,30.29433,88.81695,39.136253,48.202297,11.885773,59.56498,71.73245,69.69634,67.60144
X0068_Y0037,57.620758,29.998108,6.5783405,6.6834803,90.488594,59.729965,65.9533,30.048586,74.83773,77.67998,79.2582,
X0069_Y0037,46.403473,26.876844,68.35148,27.066288,94.02951,56.220676,69.76081,64.04803,69.75197,86.73845,81.80009,90.968254
X0070_Y0037,82.30818,10.984863,68.28806,16.487553,93.93393,49.84017,66.468216,46.14144,70.42148,77.194695,71.16793,62.303955
X0071_Y0037,2.151249,13.116005,56.088665,33.256504,84.66034,85.16233,62.37953,37.212456,60.94475,83.969246,73.085556,58.515957
X0055_Y0038,,,,,,,,,,,,
X0056_Y0038,88.84379,85.53066,89.70713,49.503128,97.79475,87.30538,35.738422,9.913642,80.364204,29.460575,90.252815,23.333334
X0057_Y0038,100.0,92.90476,11.117647,15.590909,92.52941,17.691177,50.10294,18.867647,57.92647,30.411764,66.46154,-14.685715
X0058_Y0038,100.0,47.25,19.0,30.25,98.25,44.75,75.5,22.25,11.5,-3.25,71.5,-15.0
X0059_Y0038,85.24436,65.13403,71.26303,43.414368,90.00745,83.41415,81.091324,17.788218,61.45072,67.07052,33.382996,58.171494
X0060_Y0038,79.11012,55.346085,66.51392,34.36298,90.967,85.74645,56.084946,57.187935,54.042324,59.37342,15.32224,36.172215
X0061_Y0038,-4.1754203,22.361526,55.219566,29.368813,90.28753,83.56045,40.1978,65.56479,67.43767,47.622246,32.97571,44.85858
X0062_Y0038,55.518986,-1.8139883,15.076445,19.942322,87.9279,78.94424,59.99183,66.91142,78.77796,47.536243,23.529804,59.055405
X0063_Y0038,98.56027,5.7366524,24.505415,30.221947,82.563995,72.87538,47.708286,65.37233,83.97318,45.132893,31.109976,100.0
X0064_Y0038,96.77781,41.44247,26.284683,18.420578,85.595856,20.829168,65.879234,25.736788,72.13706,54.401226,46.338577,64.13851
X0065_Y0038,86.562904,28.913025,8.088414,13.315013,84.04812,39.742912,56.81165,21.199371,68.405975,73.447136,62.278103,49.582916
X0066_Y0038,49.92909,26.631834,-2.2057457,13.907015,84.550804,37.027905,68.192055,23.730238,61.63735,76.90782,69.20201,62.516533
X0067_Y0038,28.056087,67.63767,-3.6824553,37.831444,92.09379,31.99024,77.211105,24.596605,53.054344,67.70626,77.27732,48.18738
X0068_Y0038,51.353416,14.132538,19.661573,24.267365,87.93953,42.67252,68.84704,12.795605,66.83814,73.70419,87.88149,78.784294
X0069_Y0038,44.91723,20.24689,65.89445,33.002995,92.178505,69.31185,72.82485,43.878643,61.364452,62.655457,88.243744,78.37242
X0070_Y0038,47.33688,34.97167,63.29877,19.537987,88.7515,72.30678,72.868225,41.629578,41.837627,64.45226,82.19341,71.63961
X0071_Y0038,26.338646,36.60129,33.05529,36.902134,87.38963,76.89132,72.74835,38.660778,31.510439,78.41132,76.87065,67.69374
X0054_Y0039,33.397717,77.20297,43.460537,29.68517,85.64874,7.633131,26.215958,52.313095,53.811794,64.753685,68.75629,34.738144
X0055_Y0039,72.92739,75.28446,66.08371,53.63226,83.99785,60.623657,57.412903,63.288174,71.33978,58.453762,91.249466,10.082959
X0056_Y0039,43.983273,69.10153,62.449284,32.66391,89.59087,54.30341,79.226685,84.04484,65.17876,34.806694,69.09472,8.458292
X0057_Y0039,91.95624,64.300186,70.371315,15.0855055,89.94464,54.99914,84.42399,68.72814,45.928764,51.773735,51.556606,33.81865
X0058_Y0039,32.06765,62.01689,76.83277,33.535896,88.92103,79.5359,71.13513,52.978462,44.31588,49.8788,42.17314,53.976833
X0059_Y0039,83.27169,61.355537,75.45399,40.511314,81.2084,90.49004,78.569466,64.25244,52.448532,64.56218,64.259705,42.10918
X0060_Y0039,-2.9901662,32.265038,68.65104,31.10595,86.84325,84.4639,57.40374,23.22333,56.44391,55.156693,49.049103,49.01726
X0061_Y0039,63.9228,45.154705,47.371353,25.965933,76.5532,72.960106,47.017815,42.28367,51.49759,42.161503,33.984924,58.10413
X0062_Y0039,2.696938,5.559389,-4.2771378,13.065653,86.78359,71.93525,52.803616,69.1024,47.20534,52.08981,11.485469,39.201332
X0063_Y0039,17.308357,30.252146,8.675081,18.57932,83.58448,70.54668,36.398357,67.61509,70.223564,51.784756,4.769425,66.274704
X0064_Y0039,28.253445,38.711792,0.13247146,27.585443,80.443146,23.724854,38.221054,35.34574,68.858376,65.8154,17.77714,57.760094
X0065_Y0039,7.7192335,39.214504,-0.9836954,5.941743,86.36729,43.298317,70.33502,40.618603,54.050056,72.12838,34.85815,61.643326
X0066_Y0039,6.7577643,10.433099,-10.503023,10.106783,92.292755,33.430286,76.301384,29.982681,54.460278,71.40709,67.77579,62.901203
X0067_Y0039,9.695954,50.11027,-4.815566,33.652187,93.55037,40.20208,80.96892,14.114525,45.25292,59.632576,83.24739,70.717834
X0068_Y0039,-4.474279,24.584278,19.071142,32.319366,90.81912,54.27234,69.742546,36.059402,55.067993,42.769245,88.0156,81.911964
X0069_Y0039,6.3730755,36.97658,15.39893,33.34958,94.19209,66.79251,84.25605,50.042015,26.421207,42.27181,86.88605,91.82264
X0070_Y0039,-3.3776524,23.023333,15.437153,50.560234,96.19263,80.760895,83.01593,27.997488,21.261976,64.80884,80.82611,65.73001
X0071_Y0039,0.35743198,22.467857,10.415342,49.493877,94.22488,87.452705,75.72591,48.659016,14.594771,72.91989,76.41448,56.12687
X0055_Y0040,81.511246,57.48979,36.46744,51.37997,79.13886,32.88455,58.782646,72.49895,34.101547,28.268568,89.73478,79.92408
X0056_Y0040,85.68923,78.013336,48.60008,37.95172,86.72246,57.888237,69.07282,81.66138,25.460789,16.641237,68.675316,32.842953
X0057_Y0040,96.53564,68.16049,71.993996,18.392147,86.98642,64.05356,82.53221,73.63985,54.14971,49.061108,54.96495,44.338562
X0058_Y0040,95.231995,64.22826,64.15461,29.921673,87.13179,79.90473,82.02691,65.37398,62.783157,56.515377,52.682724,61.827316
X0059_Y0040,93.99834,41.654263,82.84489,33.73876,80.5913,87.0465,77.62508,55.00516,59.311707,69.54905,66.048325,62.494343
X0060_Y0040,94.344986,46.262028,60.09883,26.211542,68.27781,80.54636,62.282303,32.14327,58.339527,57.2163,52.17625,55.774853
X0061_Y0040,76.60847,47.304214,40.619698,15.870579,74.20833,84.170006,58.919586,35.748608,59.727978,52.633335,46.671543,67.86693
X0062_Y0040,41.9903,52.28409,16.990866,20.074686,76.71429,73.037636,59.198547,54.024612,55.488827,61.969826,32.278576,56.71391
X0063_Y0040,19.074701,70.12682,13.060652,27.401157,75.12245,50.318447,45.394558,37.761944,73.55737,69.19048,5.2419367,50.19008
X0064_Y0040,-11.933216,58.96771,-4.7117414,28.188461,72.06971,34.11429,30.505873,39.5747,50.37582,73.87632,11.387686,48.6128
X0065_Y0040,22.800537,36.011086,2.1070707,18.521103,91.633255,44.942287,60.92345,41.302975,46.242207,74.19285,32.073273,48.188587
X0066_Y0040,68.95758,13.792393,-9.909831,22.782595,91.66918,42.105713,86.04146,33.072098,21.597122,79.54644,60.477207,49.57438
X0067_Y0040,,23.35458,-8.742092,33.334713,91.87216,50.51683,87.42867,24.19813,36.02421,59.36603,83.14143,57.4474
X0068_Y0040,3.9410136,33.14669,-0.9078173,41.093357,87.15969,71.027916,76.359886,41.417908,39.748047,57.755253,92.72076,77.83897
X0069_Y0040,-3.1468837,36.62684,-2.0248785,53.71104,97.70697,71.07604,75.98083,50.799053,24.992365,48.722363,88.03514,83.32576
X0070_Y0040,-1.2,31.388386,28.849752,55.049942,97.8489,44.901875,58.984642,46.997498,25.586813,66.691475,78.751015,83.607574
X0071_Y0040,,48.015053,24.459337,30.095304,95.224075,76.67165,27.800428,53.54206,7.6266756,68.901405,48.295837,72.38855
X0072_Y0040,,30.605555,42.37567,65.98571,95.44279,76.232124,72.411224,39.00436,19.570322,78.4914,52.991314,71.66886
X0055_Y0041,86.01885,71.242134,24.913948,49.647236,78.00415,50.28422,51.496143,59.351597,46.727776,37.1153,82.30558,81.6372
X0056_Y0041,90.7104,85.70498,53.96863,36.254093,83.81861,77.963066,81.1293,79.70508,52.996643,36.59392,59.519085,71.52562
X0057_Y0041,96.02157,88.44984,59.80865,20.709599,82.44816,82.242004,81.24146,75.2891,76.174706,48.35629,52.28569,71.98948
X0058_Y0041,91.94519,33.856007,66.662346,35.623596,82.80787,78.96625,75.430176,40.54735,64.344955,44.02359,40.03114,79.2218
X0059_Y0041,91.59018,69.35551,79.2713,39.535618,77.72592,74.82342,58.29966,47.264256,57.843365,51.48928,52.465736,75.63699
X0060_Y0041,91.68408,67.09175,63.280075,19.795721,78.019356,86.8019,64.62302,48.467617,62.885925,51.27294,38.313553,86.930084
X0061_Y0041,59.381977,58.26161,43.236618,20.63982,76.91238,86.41206,66.90118,46.656525,54.072315,51.310642,31.86581,82.8196
X0062_Y0041,42.44302,68.08184,40.25883,24.156412,90.57697,74.36929,61.41447,46.557716,68.71864,64.69524,38.18523,52.35212
X0063_Y0041,51.234222,91.66486,13.189701,18.942822,83.39404,55.771503,63.95587,38.16885,61.90936,76.45113,32.065804,9.445435
X0064_Y0041,26.417557,96.47558,-5.9125934,13.053079,84.45984,61.120663,43.22654,29.854012,42.06259,74.56782,36.309513,57.064907
X0065_Y0041,57.64644,87.58792,-9.87443,16.032368,86.12319,52.88218,55.242405,23.024477,16.977617,61.555393,44.010254,42.702183
X0066_Y0041,89.08923,33.759686,-10.261107,27.119032,86.593216,35.804996,70.83359,5.228559,27.70224,65.97732,56.006985,69.08081
X0067_Y0041,-15.0,39.162506,0.67063576,42.48584,80.052124,59.640366,81.187256,18.985514,48.116047,70.039505,76.91798,50.64674
X0068_Y0041,93.35299,20.303532,1.0764415,70.74396,87.51107,61.709747,84.84301,31.505537,32.623665,77.5172,91.863464,65.111694
X0069_Y0041,,33.067436,37.90332,69.610054,93.48814,57.344265,82.432304,35.22557,26.585373,74.634834,94.0242,76.690094
X0070_Y0041,,48.039234,65.038605,67.763374,94.368805,79.35217,27.679941,59.96043,26.49892,90.929146,63.96416,80.19873
X0071_Y0041,,53.2969,62.704002,54.291843,94.223724,87.806335,24.000603,59.16795,36.640125,86.49617,38.80676,70.617516
X0072_Y0041,,44.82261,56.073025,54.96173,95.0812,90.90849,38.63302,52.015522,25.660149,84.32386,63.669884,81.97812
X0054_Y0042,69.70769,76.335556,48.41807,59.332153,69.9723,63.515278,33.172287,42.747025,20.603434,30.644175,76.97134,77.85805
X0055_Y0042,87.197685,81.277794,45.3306,56.162804,74.01755,81.50916,66.34127,65.43152,43.436188,24.756207,66.69891,65.77984
X0056_Y0042,88.77004,73.68239,41.904415,36.98624,77.43355,87.43725,67.37543,88.836914,55.454597,25.731472,47.04494,33.936234
X0057_Y0042,93.06686,90.72251,48.063168,35.03756,90.77344,87.535995,59.72171,71.027245,62.98351,41.84474,50.78818,69.00597
X0058_Y0042,94.314705,77.711,64.01116,30.363987,92.53298,75.57017,62.539753,66.066696,55.96931,37.933224,46.750668,66.88046
X0059_Y0042,79.97122,66.41132,79.50965,21.799536,87.78596,75.35272,54.63766,76.8868,74.36952,25.553078,42.117577,70.4584
X0060_Y0042,75.539375,66.326096,69.70859,30.801283,79.61459,79.06079,45.086357,49.276722,50.19944,44.31763,28.711323,81.53475
X0061_Y0042,,64.34198,36.24323,31.690157,80.95882,87.26324,74.77532,53.148693,66.71841,50.71691,22.937473,72.356895
X0062_Y0042,90.14286,72.871025,32.55083,22.572098,87.99115,81.93365,80.42603,50.604935,70.13724,58.496216,21.478876,40.873497
X0063_Y0042,,80.75308,25.626215,30.259594,88.47442,58.619053,65.81341,29.410797,42.230427,74.286285,15.466996,33.462933
X0064_Y0042,-11.05324,94.84381,-0.6363034,29.143785,78.012215,30.388304,42.11604,7.5223002,41.520508,62.105785,27.123447,37.37957
X0065_Y0042,-2.9920495,79.68108,1.3148725,22.76921,80.143,42.34728,29.379261,18.117836,44.497433,47.33381,46.21143,36.45394
X0066_Y0042,75.72222,56.15952,-5.5482855,59.367813,87.549934,61.12938,70.09867,13.070006,35.5968,80.880486,46.94173,45.83573
X0067_Y0042,94.18883,77.30542,18.179886,42.695534,80.047455,65.16384,62.061646,23.698843,32.47302,74.3877,65.40341,33.396206
X0068_Y0042,95.145096,76.41697,36.616184,65.81027,81.5265,57.637028,57.707508,11.799119,8.463285,58.66391,42.459404,69.78067
X0069_Y0042,,66.42031,46.45688,73.20277,89.82247,75.09587,66.042656,30.922197,26.032515,58.059055,54.96394,61.85777
X0070_Y0042,,62.834343,58.71637,68.440475,88.97266,85.44684,80.02302,48.90245,33.87672,82.047356,52.27371,64.00409
X0071_Y0042,,46.07279,55.562386,65.943375,90.54683,90.166954,72.110016,66.63536,40.142563,71.515015,41.846836,68.940445
X0072_Y0042,,56.445827,54.800953,59.78762,89.30042,91.24473,79.26833,67.04051,35.250774,68.11588,45.997757,62.10984
X0054_Y0043,57.375164,78.442825,43.82075,62.133564,81.13514,66.47333,41.422993,30.632814,15.784913,53.82273,73.86582,79.48232
X0055_Y0043,58.120296,88.63059,48.10387,36.18863,71.43511,85.30792,55.705444,74.149994,48.954136,64.26348,61.304535,49.89625
X0056_Y0043,75.63866,72.67943,42.28357,33.51674,86.310936,89.8916,59.83669,84.11569,49.346573,43.23743,53.429703,52.73954
X0057_Y0043,89.41077,68.338524,54.860588,31.090832,93.59063,83.83558,49.265835,61.22379,59.447372,34.539227,44.47863,63.323395
X0058_Y0043,87.44261,51.347675,66.90589,34.67145,85.49659,84.919716,65.44675,70.49958,65.34541,45.344658,49.842487,41.08049
X0059_Y0043,87.94937,78.70284,65.23541,16.979681,90.11834,73.09096,50.51679,83.429146,85.594055,36.214573,53.29944,56.155212
X0060_Y0043,79.82089,64.55898,19.112179,41.3283,79.83862,84.27837,48.66044,67.26496,76.319115,49.77936,38.608257,48.604156
X0061_Y0043,18.911398,69.96414,27.189539,33.318893,78.94692,67.10786,40.407722,25.94334,55.190063,31.252062,39.81298,51.515553
X0062_Y0043,6.46384,86.09227,11.184067,20.653576,90.44676,70.155975,74.96493,29.210123,62.75544,50.269478,35.89181,59.042046
X0063_Y0043,,79.21012,16.856817,17.636377,90.51821,35.96569,68.936615,31.965036,62.709763,69.60372,0.42990246,18.061132
X0064_Y0043,-4.284407,88.40477,2.6182787,26.902834,79.94914,50.429996,59.32226,28.041777,68.20104,45.753918,28.43768,1.2337822
X0065_Y0043,34.1012,64.69086,-3.222633,39.601425,83.59546,55.523605,73.506165,17.147146,64.028015,78.08586,50.739624,8.333142
X0066_Y0043,88.699936,46.848698,29.251541,52.40469,79.035675,63.83673,55.92779,12.967283,57.30751,82.74675,42.586,37.850716
X0067_Y0043,62.928032,67.75637,24.084772,42.77646,89.71166,73.26249,70.79379,40.153694,58.44636,80.23052,58.97764,38.43083
X0068_Y0043,92.56107,78.67073,13.861804,59.218742,90.73666,66.326996,56.774483,3.3577101,22.974669,36.288765,43.85012,61.290375
X0069_Y0043,79.64644,74.081856,42.238155,65.351006,91.41518,61.72631,56.592865,18.673363,11.154195,48.900845,37.358757,70.57242
X0070_Y0043,-5.4166665,47.68655,49.083008,62.329926,87.74222,87.0472,76.54421,41.330624,41.66762,61.28557,37.90527,59.779663
X0071_Y0043,-1.3560371,40.302402,56.854523,57.99069,89.21698,88.51553,76.57282,56.10306,54.929516,50.905365,62.80653,71.17007
X0072_Y0043,-14.076285,55.936844,48.888477,59.581406,85.81597,92.192696,80.06417,43.409367,31.97569,62.91911,24.312675,84.8904
X0054_Y0044,49.02219,81.509315,26.57127,63.46121,89.089485,73.84506,32.05127,59.79745,19.6657,58.99642,64.22195,70.70977
X0055_Y0044,32.620445,77.72465,38.47767,50.494446,76.901596,88.82155,70.08868,88.51669,58.234562,78.038536,66.35771,48.104633
X0056_Y0044,53.152855,85.68475,54.670494,61.37378,86.0588,91.98185,48.077137,79.35802,40.65533,79.408295,43.122158,54.101444
X0057_Y0044,64.18545,50.949097,38.292656,47.324574,94.96794,90.03186,44.474667,58.9676,69.53948,59.00261,24.84134,24.764114
X0058_Y0044,85.92836,50.42572,23.490435,55.170464,92.79682,91.500275,54.391373,60.936317,79.2124,46.495094,35.07769,31.125944
X0059_Y0044,82.31383,49.748238,29.990814,36.88782,95.494545,74.33277,52.222897,50.352486,74.70276,20.049788,62.150864,25.201494
X0060_Y0044,80.48711,22.77667,14.724581,51.13266,92.002426,69.32418,56.009888,37.6364,76.2291,11.662545,62.930363,30.398394
X0061_Y0044,51.10283,39.410435,9.52954,47.24031,81.48471,75.19489,40.268486,38.655277,73.021255,33.076183,68.43567,40.280903
X0062_Y0044,-7.043804,77.6424,27.200148,28.603662,75.890976,49.861458,74.1054,11.731693,62.928444,41.699768,23.860289,19.496645
X0063_Y0044,6.6145735,76.09013,5.221812,21.049862,83.17069,32.70997,72.15794,19.511635,36.62424,49.305008,5.718951,-3.2934654
X0064_Y0044,27.891077,52.55811,5.9821405,15.052544,90.38835,18.683977,75.63394,34.1063,59.201714,53.17759,31.007675,10.082571
X0065_Y0044,48.38534,63.23142,-5.8307533,36.56335,85.5947,18.738438,77.57668,21.947577,70.391235,75.42024,48.943493,3.1012099
X0066_Y0044,26.926668,60.188835,26.896412,55.568783,71.297646,44.612293,51.96325,15.784228,55.4464,63.991093,40.12895,11.928073
X0067_Y0044,76.74905,48.439392,48.44463,62.083313,83.06432,43.8677,64.97168,14.763609,53.029655,61.15682,50.709877,34.822044
X0068_Y0044,70.083885,84.49134,23.395256,68.19655,93.06094,63.247574,81.12979,23.31556,19.208624,51.40266,46.582172,63.254173
X0069_Y0044,74.50533,62.50333,39.84507,69.06582,95.782524,77.262245,78.0983,41.602333,30.771017,57.909393,17.493595,76.29462
X0070_Y0044,25.401142,59.912483,47.836742,73.635796,96.17943,76.92404,81.29664,50.8032,15.390514,65.60142,43.889442,74.9966
X0071_Y0044,-0.6090259,69.99506,62.590282,64.46732,93.84638,83.12826,76.35815,38.393806,45.4747,47.90862,64.20952,64.386795
X0072_Y0044,-8.010451,63.27997,46.9246,66.58266,91.62796,93.97065,72.01961,39.21891,27.28453,82.050575,30.93212,83.86121
X0073_Y0044,6.997607,78.68127,31.025143,63.696552,95.60113,89.458954,74.13956,49.15826,38.81919,76.845726,45.219994,64.82151
X0052_Y0045,56.5116,86.93439,40.519974,58.57969,88.504,71.18297,9.447041,45.67401,35.43991,2.7867348,39.410522,73.22073
X0053_Y0045,48.888306,86.43975,47.04446,64.61617,87.73513,61.223328,26.652475,47.318943,11.2816925,31.841387,56.011757,68.157005
X0054_Y0045,47.67072,89.254776,41.77751,55.114517,90.68267,57.022972,57.501152,68.12779,0.20387928,40.871033,61.594784,36.40623
X0055_Y0045,56.975414,83.744606,27.278988,54.3609,87.12953,75.83726,60.637123,73.08044,51.53929,59.06885,59.2966,22.380487
X0056_Y0045,14.861649,93.75262,47.28342,74.071785,84.54892,77.2769,57.22418,50.681366,60.357597,63.586586,40.11582,53.098694
X0057_Y0045,23.57771,78.44775,50.497936,58.535168,83.4092,86.48034,50.293316,57.33706,76.0126,51.316437,25.733803,37.98616
X0058_Y0045,54.29027,26.304634,43.41634,62.269295,91.22603,87.47543,39.717495,61.005566,70.6899,46.31187,36.556038,36.16202
X0059_Y0045,47.172268,26.128305,14.0227995,56.241173,93.05779,74.31918,59.620068,61.88265,79.45382,36.699997,62.913662,30.423777
X0060_Y0045,75.89047,29.639582,-0.06338414,52.14958,83.55209,89.89886,43.380383,46.919315,83.34795,56.345455,64.83871,42.16575
X0061_Y0045,,17.238855,4.8762994,55.50292,72.22658,76.30256,61.862595,35.368916,80.89504,57.828423,64.644516,11.632605
X0062_Y0045,,34.176044,18.064873,38.423077,87.056564,54.59677,72.64935,13.056827,73.83387,51.727444,37.92733,-7.961556
X0063_Y0045,,26.056244,20.854454,23.243908,87.428276,50.569996,75.98354,10.273368,55.17053,44.65513,14.771555,0.077238195
X0064_Y0045,59.045864,17.474453,23.5656,20.72996,91.25467,5.774571,80.61937,44.63567,68.83204,28.170425,28.422003,19.267906
X0065_Y0045,87.02462,16.562576,16.24858,36.24707,89.0129,7.73513,42.30321,52.92153,35.26821,40.877884,47.234455,1.5283843
X0066_Y0045,72.78689,49.746456,44.345245,49.94037,83.941696,45.10519,43.105118,0.32723668,31.028067,39.02132,25.494741,28.460096
X0067_Y0045,79.908356,21.39363,47.206913,58.256474,85.58297,47.249596,47.277206,-0.31868276,31.558802,40.242554,30.408295,18.003298
X0068_Y0045,80.184135,52.611603,48.28404,54.419643,97.26218,82.02938,77.53545,20.543455,34.225964,43.99662,33.233418,47.480125
X0069_Y0045,78.047516,76.38746,51.347874,50.715515,96.02303,77.81595,79.381516,30.116169,29.151583,65.89353,53.4065,67.42829
X0070_Y0045,52.757225,83.95701,22.057184,70.398796,95.02338,85.97897,64.845924,34.46393,41.160057,61.866528,32.88247,72.27207
X0071_Y0045,-6.108862,84.82367,6.913232,57.613533,89.003105,83.64244,80.67634,52.052544,36.182705,55.258663,42.619705,75.23873
X0072_Y0045,-5.1206665,69.166504,30.162434,66.770836,92.27434,69.55738,80.43241,43.9044,34.89053,84.86217,50.77259,72.26423
X0073_Y0045,-0.48668572,74.229126,35.987396,49.489475,94.81005,80.86826,82.274315,56.157856,52.65041,65.44663,55.863316,53.360016
X0052_Y0046,45.057533,90.443924,53.90091,63.979244,95.02432,75.438255,16.497938,56.337357,34.179703,12.332288,50.61228,61.296177
X0053_Y0046,50.409,76.118416,59.68166,66.04713,97.20128,60.253777,41.290897,71.09685,21.175486,18.751034,53.337814,77.97888
X0054_Y0046,3.5781786,52.853886,23.503937,44.451595,85.40781,38.193165,71.432205,67.823395,43.41296,58.146088,50.03053,33.180622
X0055_Y0046,-5.705746,81.130325,13.087561,50.02462,93.57065,83.97288,62.261345,63.034428,62.187622,61.557816,46.972145,33.341576
X0056_Y0046,-9.090196,91.19517,28.443373,71.55671,76.50459,65.48673,50.103252,47.848896,54.3788,52.712894,43.234455,65.38212
X0057_Y0046,-11.299386,77.50183,16.121784,69.283806,90.7903,76.901054,46.216766,45.87363,80.43966,41.353424,42.055443,50.862976
X0058_Y0046,-4.2511625,41.95782,25.688337,73.257645,92.48985,64.54056,48.95109,54.01029,70.01399,29.1321,40.54884,14.46304
X0059_Y0046,-7.711691,5.397524,5.902569,64.06191,87.78214,60.15435,69.18785,49.113697,80.54585,30.013107,63.483227,10.177924
X0060_Y0046,-14.439094,14.08877,-1.9275333,59.126495,85.184654,87.234406,71.45021,34.98038,80.18258,68.24337,71.43959,6.1144214
X0061_Y0046,,9.901015,18.757683,68.528175,83.020355,76.37872,62.01102,48.615944,83.18557,60.226242,34.550426,48.501423
X0062_Y0046,,16.470793,42.482704,46.076622,79.19914,48.152508,75.1478,3.6648452,63.326958,45.26859,32.06135,18.62735
X0063_Y0046,,4.631818,19.181593,45.61773,95.5589,49.12241,66.54346,3.843695,64.820175,36.495975,3.581754,-7.62154
X0064_Y0046,81.35635,26.970411,16.299397,35.241837,95.35868,54.33235,81.56722,13.535957,66.144196,28.326805,16.230618,48.719643
X0065_Y0046,53.041714,54.235775,23.765728,39.974735,89.93484,19.651438,71.41746,6.685775,67.23069,45.60953,34.526768,28.76413
X0066_Y0046,-8.333333,66.85394,31.37689,45.642586,81.04633,30.847027,36.1514,0.3409723,42.824,37.4257,19.920195,38.05418
X0067_Y0046,15.797266,25.798975,39.362663,42.617317,82.245544,1.5284655,29.827993,6.600216,22.67182,40.36917,9.044888,20.032774
X0068_Y0046,13.375506,23.747927,40.371647,68.82627,91.08151,15.689656,65.59245,39.61875,36.12491,72.283035,51.803146,13.305384
X0069_Y0046,27.116312,50.11991,25.649168,63.289433,90.71566,52.75821,64.84112,20.988436,28.618177,64.38853,35.117367,47.036133
X0070_Y0046,56.518093,68.39408,23.592007,69.47494,94.555016,77.20588,74.086754,21.189905,40.072838,70.81442,40.32039,58.991974
X0071_Y0046,7.9896336,78.71956,9.918449,60.1385,93.98952,74.864876,68.673584,38.545254,19.743073,71.669,39.411846,61.444836
X0072_Y0046,-6.6420875,64.65617,21.99279,52.490368,89.188385,51.577255,61.445496,22.934946,19.563889,76.51125,50.921688,67.55996
X0073_Y0046,9.664127,76.35517,33.44828,47.350742,95.5397,85.44113,83.07477,44.070488,40.623608,63.310432,56.534546,66.48359
X0052_Y0047,11.849255,91.85844,70.365685,46.96927,86.23906,77.14759,35.02613,67.10931,51.24197,19.638214,43.488842,69.185776
X0053_Y0047,22.285965,82.48969,72.200096,47.567005,85.77394,76.62473,41.363056,76.19052,12.834063,28.924755,38.220207,56.00525
X0054_Y0047,-14.425737,71.10693,14.809725,35.03306,77.14595,49.29831,73.000305,59.096058,15.276522,42.50827,10.482547,23.511738
X0055_Y0047,-2.2809467,80.61175,18.944225,54.10624,84.30978,65.18151,75.06681,43.397633,43.14741,51.7949,30.771927,-1.1793414
X0056_Y0047,5.352677,75.78168,17.333735,55.068016,89.105515,73.473274,74.21564,49.786972,45.950397,68.902176,33.8257,-2.0064666
X0057_Y0047,11.321645,55.903187,29.988102,70.803406,94.075645,86.55001,77.687225,68.288445,76.908325,57.909225,60.77827,31.011948
X0058_Y0047,13.078295,12.87682,0.94561476,62.543648,97.26167,66.83673,64.09323,63.658897,77.33081,46.14163,59.521828,60.615612
X0059_Y0047,,3.3072824,1.6405877,67.25678,91.75826,64.605095,78.0154,62.8233,76.32046,34.988625,42.620922,42.534645
X0060_Y0047,,11.180365,11.536021,74.99732,89.239944,64.943825,85.04074,29.821186,80.131294,48.720757,64.61961,26.685797
X0061_Y0047,,9.295546,18.321815,59.547,85.199905,73.66277,64.214615,40.77365,80.77096,45.411835,46.988815,22.939503
X0062_Y0047,,15.832675,15.917906,47.59946,91.615654,52.851765,65.396515,11.525611,74.80712,43.204887,28.164667,64.35544
X0063_Y0047,63.796394,26.108238,7.723622,50.107723,92.52044,66.980606,78.997375,-2.1520195,66.45172,41.060955,-1.1165949,74.161606
X0064_Y0047,68.24155,44.933388,37.388775,41.2751,93.15023,44.682735,86.85933,11.89525,63.50919,41.53057,11.88229,36.487213
X0065_Y0047,55.493877,61.023285,35.285316,43.58255,89.76281,38.207153,69.31041,20.831858,70.09787,66.64458,23.641655,32.02347
X0066_Y0047,-2.2097723,67.772194,28.684607,50.818745,87.01308,24.70591,53.280117,4.6157055,42.956524,59.540882,9.472691,50.874195
X0067_Y0047,11.286775,53.212074,21.086416,51.552788,75.331764,28.720613,65.12043,7.8081,32.864872,43.69579,17.608885,57.80571
X0068_Y0047,23.07068,39.14015,17.47112,48.413826,69.26712,5.1594815,49.732327,17.797897,42.68591,46.703556,13.254558,30.509748
X0069_Y0047,0.45358253,47.407345,13.368212,62.30331,79.990906,50.13498,56.472668,12.691873,25.553402,42.493317,21.943287,20.031162
X0070_Y0047,47.3131,72.73007,19.220032,63.099052,77.870735,66.8264,84.918594,24.701296,28.887743,81.43773,59.23641,60.697372
X0071_Y0047,14.684792,76.86143,26.371805,57.474632,85.041245,71.91206,75.7464,39.397522,35.352383,84.65894,71.35452,60.43311
X0072_Y0047,4.3760324,68.27203,22.091034,51.13687,87.1146,80.0786,83.67686,37.206993,29.464907,87.09464,72.96215,71.82983
X0073_Y0047,25.85635,76.62964,33.201164,41.298298,95.7621,67.66237,73.41317,34.638172,38.444534,79.44561,78.34242,54.970837
X0052_Y0048,16.94206,95.01106,65.91803,64.49247,86.78338,82.49903,14.294794,40.590824,46.319824,60.1415,67.23706,49.729992
X0053_Y0048,49.80571,93.21651,70.714264,22.312021,88.40127,77.58273,55.793743,55.407963,8.537139,66.70042,31.488258,45.955563
X0054_Y0048,83.53045,89.7736,10.985017,27.136824,88.39471,77.21965,81.69615,39.984734,36.006104,72.54326,24.125847,38.31534
X0055_Y0048,33.54127,55.629147,6.575509,50.328335,88.73291,78.36675,86.238686,36.29852,5.1131372,78.83483,50.868443,9.076403
X0056_Y0048,12.5923815,32.125793,28.90139,54.24742,95.84551,75.27107,73.82636,32.529747,29.748636,75.88548,46.007576,-4.852453
X0057_Y0048,38.279053,13.327459,28.786406,59.33671,89.70004,85.212746,71.450325,31.215626,59.52875,76.606636,55.75362,40.20354
X0058_Y0048,,12.640615,1.66271,55.009026,94.36299,74.951065,88.61308,45.80631,58.82793,56.357433,56.80608,48.337456
X0059_Y0048,,16.039433,-4.4364038,71.41837,95.66395,33.254906,82.49641,32.660175,47.234253,35.645237,42.98275,11.0040655
X0060_Y0048,,25.280897,2.3955193,56.67557,93.755615,54.371403,81.41873,18.87505,73.619865,23.348124,68.35368,14.549133
X0061_Y0048,76.612465,4.0766873,18.965525,67.406494,95.489494,61.51026,86.69526,32.011055,78.03141,28.312815,53.073326,9.545011
X0062_Y0048,,18.279558,7.809603,58.917717,95.6402,70.38105,93.75861,27.418575,76.145355,34.597965,23.459618,53.09004
X0063_Y0048,49.55038,22.663446,6.7571445,56.822285,94.14059,72.78754,92.69352,17.838648,68.57875,35.23583,4.994025,62.018917
X0064_Y0048,61.395496,59.113045,29.61722,50.827526,92.31821,51.855648,88.1245,-2.697107,65.40783,37.664318,21.073647,20.810509
X0065_Y0048,26.898489,66.88239,57.367455,44.696884,91.5718,65.19868,77.102066,13.670029,66.31188,85.40676,54.25951,48.80963
X0066_Y0048,42.35795,76.13656,46.48231,52.266994,94.03805,67.82662,52.52791,17.372765,50.642956,84.18974,19.887419,50.833965
X0067_Y0048,69.2513,62.04048,28.900845,48.29795,91.50728,47.442696,52.305695,12.19689,62.151062,65.66914,30.82997,69.79918
X0068_Y0048,64.80159,56.337452,20.811237,44.057343,87.72595,9.992713,60.050747,25.07869,51.930885,72.50299,38.216614,56.16837
X0069_Y0048,27.850426,64.23133,14.216906,58.379574,87.58913,37.398857,70.30883,36.20603,23.486374,65.198105,38.632473,22.57482
X0070_Y0048,41.761345,48.299328,17.550987,51.955105,79.32882,56.374905,64.3994,27.12579,27.136507,67.63053,43.474697,50.52991
X0071_Y0048,38.683193,73.77315,17.294525,53.75307,89.30694,64.935585,88.51993,35.31322,48.779293,82.00857,71.876366,82.57597
X0072_Y0048,32.645634,63.35888,17.930456,43.432606,93.45849,71.43915,76.9519,33.723637,18.354647,74.78607,56.174618,67.307915
X0073_Y0048,32.718002,72.98312,13.983979,44.517258,97.60312,63.171223,76.17347,24.966503,25.276102,71.427475,59.34389,51.90259
X0052_Y0049,45.58688,87.01095,74.299675,86.11384,86.22563,94.062,32.57541,11.796611,19.777428,63.68123,67.71241,40.058712
X0053_Y0049,75.67667,84.69645,34.877995,60.897377,73.528725,94.62073,54.80472,20.426727,8.978308,64.71771,32.646626,46.667496
X0054_Y0049,68.133835,87.37861,14.696154,22.479942,89.66264,76.33207,71.37768,10.9661665,13.098291,69.20022,41.572075,62.079037
X0055_Y0049,63.130642,91.649796,-7.106967,38.292343,90.32727,74.79679,90.817795,36.777393,13.79931,83.36442,57.25329,69.38763
X0056_Y0049,26.638554,55.51803,18.338068,51.819344,96.255424,63.01467,81.2789,29.785109,29.560184,79.23458,79.10664,7.4855943
X0057_Y0049,24.085058,9.028287,3.9485674,61.4255,93.54149,81.21475,70.2678,32.871143,69.18652,72.513214,48.019745,86.04912
X0058_Y0049,,5.683221,-5.4667563,63.07012,94.60146,76.949295,88.17455,20.638527,43.75295,52.521282,55.362022,64.075516
X0059_Y0049,16.24775,28.005486,0.38823768,47.30556,98.39809,53.33609,81.303375,37.806393,54.24543,36.033695,43.480347,3.9359665
X0060_Y0049,79.15051,31.893576,12.43727,60.46783,98.09116,83.13841,89.468025,38.815514,78.06338,22.562439,48.429626,19.25128
X0061_Y0049,68.84149,28.070822,18.988062,68.28295,94.873695,83.466896,91.1343,53.03,78.67519,39.84986,44.53824,42.732918
X0062_Y0049,58.153675,17.15015,19.001114,62.361534,94.322784,81.5662,86.527245,40.27295,78.25796,36.286327,26.590021,24.528212
X0063_Y0049,57.8134,25.827625,21.43123,64.67828,94.97098,74.404106,84.853096,37.649235,73.94242,34.748344,21.521109,40.150223
X0064_Y0049,53.504463,36.09764,3.3819082,67.08392,94.30888,60.256283,91.387794,6.271769,54.56331,33.344448,4.7763915,68.8613
X0065_Y0049,100.0,34.35671,12.387889,48.609303,95.74744,79.95334,73.15511,9.684143,72.44881,73.361496,29.962196,81.79022
X0066_Y0049,41.406506,59.39354,28.875275,42.162872,98.40943,68.97414,77.98019,3.75249,68.707825,85.21153,17.650625,53.04688
X0067_Y0049,15.371015,71.3478,15.720008,43.06338,92.33228,63.877354,73.68934,-3.5230746,48.758617,74.844475,28.325981,74.54196
X0068_Y0049,31.420315,77.344124,5.555321,54.984314,93.02855,58.79649,73.95049,8.131648,40.933784,75.69505,49.503166,73.71266
X0069_Y0049,10.199939,71.378525,6.897159,68.18043,85.59608,59.250637,80.30753,43.07297,30.096952,65.41956,70.911995,64.02736
X0070_Y0049,32.926353,65.070526,9.389935,59.14433,87.67356,50.975544,74.52366,39.953747,54.411846,66.70211,69.65104,52.846592
X0071_Y0049,19.431929,55.581856,32.58003,57.986313,90.51647,61.34779,80.52756,28.79943,54.794018,71.05192,60.096466,72.661255
X0072_Y0049,48.152092,60.918156,-0.9280396,49.385757,97.80169,68.42271,79.11342,28.248465,28.321657,68.53642,40.39186,68.98206
X0073_Y0049,30.50484,70.16398,0.80904174,59.25669,97.742676,64.85514,71.11347,34.53935,25.909023,57.145035,44.9074,53.83082
X0052_Y0050,35.827656,70.945625,55.10199,85.88762,81.85887,92.81601,35.724644,7.1011662,2.3709083,66.546936,55.78566,69.3008
X0053_Y0050,90.68866,83.61291,20.539715,69.30563,87.82024,98.32326,59.986427,23.855707,14.390059,69.105255,47.14347,49.89359
X0054_Y0050,82.45433,72.08836,-1.3602439,66.65987,97.7741,85.30883,66.37293,16.166298,5.892181,67.76074,53.779186,61.64036
X0055_Y0050,60.447044,92.23174,3.0954359,46.16775,93.08819,67.49092,73.67656,23.4843,-6.7223616,70.064514,62.391426,78.74141
X0056_Y0050,54.720234,47.487446,2.5216084,50.30691,94.24628,62.836384,74.30162,29.989561,21.744873,67.967995,62.34538,27.005768
X0057_Y0050,44.758205,0.63324994,-9.3098345,44.125553,90.889305,86.11727,73.257744,42.738117,59.45893,58.93656,60.8706,63.156307
X0058_Y0050,44.56873,9.703079,-2.6610847,57.66718,85.85704,77.76123,71.269684,56.50488,54.131348,44.288723,82.91182,60.590305
X0059_Y0050,35.192932,51.54139,42.24321,59.001324,85.26318,84.0458,86.32008,48.90174,63.882126,22.105183,75.76196,32.16768
X0060_Y0050,77.99154,5.1633606,2.362778,64.72467,95.897865,91.48587,88.58199,41.966476,64.37829,12.166101,48.64638,31.987137
X0061_Y0050,77.75974,12.124072,4.2939672,74.1173,95.45442,80.434296,89.67738,41.904213,72.87366,33.779385,47.02126,44.486187
X0062_Y0050,63.33374,1.2748492,10.061273,70.991905,98.53335,76.67564,89.3175,34.497036,83.76311,34.360394,57.96968,41.39672
X0063_Y0050,32.85314,5.4150524,11.46127,82.05121,98.375496,72.804405,89.155556,15.31488,71.68586,25.460855,43.85441,39.52218
X0064_Y0050,89.30762,26.37559,6.3177075,71.579636,94.962364,66.82711,85.07784,7.708494,35.08789,44.697735,40.907085,46.90939
X0065_Y0050,,71.798515,42.25338,51.090202,90.27732,46.70465,59.78704,0.9336477,46.51167,65.23868,2.6719253,62.065502
X0066_Y0050,,56.039833,39.80391,57.2537,95.63821,61.836235,79.15198,-4.425368,46.17883,59.02995,2.5598953,51.922665
X0067_Y0050,67.80359,69.16087,36.659004,51.9412,93.55042,59.888844,80.2654,-0.3875381,37.184177,49.252815,18.667141,70.28773
X0068_Y0050,,71.97671,44.37331,74.9593,91.408745,77.26489,81.8679,29.823122,24.312408,66.135414,60.507774,83.89347
X0069_Y0050,,43.193626,11.276908,80.53115,89.580795,69.61142,60.94736,28.943146,58.74071,45.109493,75.620735,55.64835
X0070_Y0050,-11.652001,76.81399,49.47753,68.487724,90.00111,78.85831,54.859497,30.075472,53.784233,53.673653,63.455727,79.48952
X0071_Y0050,16.699177,65.05244,-4.6601005,50.62929,78.598816,69.62335,66.06042,27.039999,21.494097,53.860542,53.90725,43.890686
X0052_Y0051,35.037403,61.30952,23.0383,77.385895,92.200035,94.23441,49.287876,35.891598,4.911668,61.749176,68.95204,60.49219
X0053_Y0051,21.689537,6.813152,9.240886,62.157906,94.62478,96.30941,45.596066,30.99918,-2.1684813,49.78492,67.48015,59.081734
X0054_Y0051,76.39949,32.841278,9.890288,64.97811,98.41625,93.8222,79.50017,19.596292,-1.1567084,48.764137,64.781624,72.44104
X0055_Y0051,80.0726,60.119816,8.109565,61.1849,97.93318,87.03461,70.22541,14.40819,10.20225,60.66668,55.078472,71.31721
X0056_Y0051,76.45816,64.78351,3.7808263,49.763035,87.3812,75.58636,67.07776,38.00225,31.677982,48.36582,38.03845,9.478792
X0057_Y0051,52.129227,64.25636,13.746463,37.690613,89.619415,80.88146,74.437614,61.348125,44.999226,38.644936,46.575832,23.488504
X0058_Y0051,33.515865,35.67745,-8.09855,53.93635,94.023735,82.81536,72.21868,63.443535,65.44352,32.25641,73.53028,39.8019
X0059_Y0051,77.99581,87.89367,39.468174,58.073597,93.34507,84.86061,92.47353,52.410503,73.3717,18.538324,65.14485,64.57717
X0060_Y0051,53.752808,30.069195,31.767504,80.95455,91.37858,85.46759,92.138794,67.41645,78.87067,22.474781,59.63347,20.230623
X0061_Y0051,46.675674,17.401611,6.2572165,80.69543,93.19738,85.072815,92.81303,58.972782,89.08915,43.098553,61.381042,9.71199
X0062_Y0051,56.68576,8.508717,-4.872434,70.65805,90.13621,73.88019,94.40185,24.981966,82.26576,35.213604,51.172653,9.346633
X0063_Y0051,36.547928,15.712657,27.709288,81.635994,93.21789,64.243454,93.26329,4.897157,60.947926,33.896774,33.211426,-7.2643976
X0064_Y0051,46.82482,13.5943775,33.959263,83.75578,96.018555,67.564026,88.92884,7.8579493,19.117662,59.051067,55.13109,13.223453
X0065_Y0051,,9.693809,18.316288,87.01099,88.81024,69.123924,84.049164,24.522295,27.879688,74.56327,57.573006,78.51982
X0066_Y0051,,45.551723,47.980736,65.48236,95.95952,52.854515,84.25167,9.382944,45.623604,11.276976,35.68961,53.709816
X0067_Y0051,,69.861565,46.43798,62.227695,93.838554,74.17086,83.703896,20.300407,13.976082,43.66778,36.257812,48.78287
X0068_Y0051,,59.185913,43.158104,64.86999,89.85756,74.15254,67.97605,32.48571,50.469334,49.66644,68.84392,38.750717
X0069_Y0051,,35.724327,56.053345,48.903248,81.54885,78.18714,43.073418,18.019596,32.703335,41.600742,70.67399,54.528873
X0052_Y0052,94.696014,58.858112,49.330383,42.72127,91.276985,96.458015,46.41668,44.56689,-4.963766,35.089153,88.83125,47.66126
X0053_Y0052,87.40116,38.651386,19.039242,44.622467,88.4222,90.03304,44.622883,49.9565,-7.5015974,49.076694,67.93621,58.210945
X0054_Y0052,55.1912,43.10725,19.882734,50.34374,92.26947,91.6121,64.64643,40.04043,4.8023615,63.771664,50.39031,34.859432
X0055_Y0052,47.24226,73.05262,33.649094,52.43726,94.99267,83.34564,76.14703,20.637465,31.605429,33.71195,50.025394,26.262901
X0056_Y0052,53.32164,49.00816,31.960255,52.150898,97.38984,73.676956,68.63171,36.732258,37.079803,22.846138,47.03425,45.611706
X0057_Y0052,59.69317,43.17659,18.530882,51.455685,95.26467,76.040565,75.92415,48.54278,37.9975,36.9521,66.55096,48.829144
X0058_Y0052,65.14219,43.206654,24.503813,54.55659,95.86587,77.26739,76.930336,39.440094,47.088333,28.473345,80.04164,5.3954062
X0059_Y0052,87.82785,71.688484,44.6529,52.90552,95.450836,86.08927,90.48545,32.03357,73.26161,11.267509,66.3043,46.98748
X0060_Y0052,58.90382,15.860579,28.378725,86.98315,92.98322,72.66722,96.13463,70.33177,91.06085,45.227325,58.22261,19.207348
X0061_Y0052,42.822952,33.536835,19.319433,84.90698,88.842964,66.52153,96.474724,58.96499,86.09181,62.182144,54.028915,32.53475
X0062_Y0052,21.649689,23.583412,13.6049595,62.43924,80.09936,47.2133,92.38153,24.84392,77.989815,41.47281,30.000698,-0.86037606
X0063_Y0052,26.129314,17.657696,21.438377,84.73322,90.83528,62.93949,80.93595,23.160719,43.053913,43.74323,37.70755,16.058384
X0064_Y0052,38.131283,58.492805,63.742,76.31313,88.56392,85.10925,84.82189,18.021358,23.20354,60.399715,38.18943,2.9123929
X0065_Y0052,,60.622566,50.204052,61.357033,89.91383,58.611576,78.390396,18.92115,15.292858,40.68185,34.521336,30.725964
X0066_Y0052,,50.293808,52.256863,74.23547,89.74993,55.05511,66.83558,-4.3888736,10.551087,16.659046,32.146954,45.198044
X0067_Y0052,,64.38544,47.642838,59.01972,74.82883,68.98086,76.746574,10.850283,25.044003,61.497902,34.387787,35.04752
X0068_Y0052,,61.591087,61.374954,57.081367,80.67435,79.26824,69.84234,29.870495,34.649006,51.54073,67.14568,28.16551
X0052_Y0053,73.48413,52.88941,55.90422,39.108673,90.574776,95.376625,50.775055,61.319168,23.831413,41.28709,77.50129,68.48759
X0053_Y0053,80.88414,73.303505,37.388638,47.50476,85.54081,85.31795,30.410938,46.78171,21.116846,45.45494,34.54606,44.65329
X0054_Y0053,61.91289,77.27639,34.191135,45.75228,89.54318,82.28911,52.85311,42.754597,27.601685,61.55945,54.320816,27.63499
X0055_Y0053,64.27351,49.335804,31.06419,69.52793,88.94861,80.60057,63.819912,43.886745,45.936375,43.6033,52.478962,62.943516
X0056_Y0053,47.277546,50.44938,16.293587,43.67541,89.21759,79.26857,74.551094,50.210167,57.37314,31.705338,54.982746,80.044685
X0057_Y0053,54.68778,49.073387,4.883459,47.269123,82.110886,75.88914,85.10663,33.2176,62.779552,35.612476,80.73872,40.505318
X0058_Y0053,45.109337,57.300045,24.23049,32.532146,82.92654,66.10796,75.851166,2.1248496,64.57266,5.462592,63.823677,13.394293
X0059_Y0053,56.385086,54.802013,18.55576,37.23771,90.63609,84.43111,88.24449,29.413223,85.574844,13.888183,56.84013,56.489006
X0060_Y0053,66.642815,34.87626,16.842741,90.01794,89.87316,78.171906,95.596794,51.391582,91.14648,71.24029,34.505863,8.664077
X0061_Y0053,36.794888,49.597378,26.491018,88.03511,79.006935,68.658295,90.802895,31.076225,82.79622,57.088768,29.663675,20.663351
X0062_Y0053,33.343212,26.330172,30.509058,81.60683,79.61387,56.052567,87.22246,30.737099,50.60139,41.638718,20.037666,19.521786
X0063_Y0053,36.445724,10.618237,9.847387,92.04364,92.94213,61.478046,83.696365,35.458107,34.72559,80.35953,37.743454,54.942413
X0064_Y0053,14.497222,20.888945,66.98848,79.178635,83.456825,65.62869,67.61048,26.586601,26.557652,81.63006,48.22119,57.865643
X0065_Y0053,,37.396687,67.24393,82.740875,79.15007,63.896713,78.385315,25.15076,49.45268,80.32752,58.06812,63.76501
X0066_Y0053,,43.515274,43.974102,64.08124,84.216324,59.242424,78.46674,2.6698341,22.058506,43.326626,53.39094,30.911818
X0067_Y0053,,52.97512,40.106705,69.14256,72.20379,71.239044,85.88571,10.498251,31.336443,70.0449,77.872475,43.118477
X0068_Y0053,,41.750423,11.077233,45.223625,74.206764,70.27198,79.72882,29.747805,39.019283,59.480564,68.27298,69.43165
X0053_Y0054,66.95937,75.57872,58.563267,39.292442,86.32185,74.35813,35.55346,47.259834,33.234726,40.37006,56.163128,11.306645
X0054_Y0054,40.148354,52.738873,39.567192,47.15614,90.52833,84.85282,62.26563,56.94401,36.782017,62.30961,70.316185,44.28617
X0055_Y0054,60.802494,33.887062,52.79465,67.51393,84.826584,90.172745,62.368454,68.48401,60.930813,57.887695,69.51808,50.84741
X0056_Y0054,42.1653,47.529694,68.77171,46.63182,71.70263,81.70805,66.91029,43.072975,58.7745,31.296467,56.846603,51.861343
X0057_Y0054,15.373448,22.233784,0.04848499,46.477867,64.12398,78.28269,84.65787,44.35779,51.993515,40.43997,72.867676,65.75935
X0058_Y0054,44.862335,58.79904,10.857911,41.79907,52.934746,69.0493,65.77095,-1.7181076,68.86931,-0.76095337,63.976772,27.58897
X0059_Y0054,39.8477,20.95374,-2.5035114,67.09413,59.477573,51.43615,86.39978,15.678435,79.96295,21.63537,57.57618,38.307045
X0060_Y0054,13.819188,34.986088,-0.3757201,83.798294,83.12607,66.80086,92.8116,23.875153,83.436775,47.95748,17.966331,54.140305
X0061_Y0054,31.662956,35.49489,11.008956,88.54375,67.943146,68.16865,92.36655,-1.0758911,68.978775,41.859264,30.404123,71.25252
X0062_Y0054,40.509964,39.26356,32.265125,88.84689,80.15655,58.50465,83.720924,10.832677,20.858759,47.478214,34.71432,53.42207
X0063_Y0054,38.51346,34.157368,44.642834,90.10227,83.13788,46.563805,77.20722,22.283808,-6.790877,50.468456,23.009048,35.253803
X0064_Y0054,,23.77301,59.111675,83.615,82.71909,50.979675,72.8747,16.176775,40.435913,59.104816,20.264975,59.773827
X0065_Y0054,-7.441744,16.563738,28.258,83.192024,88.64604,65.2381,77.15363,10.231822,59.03707,81.29995,40.57699,76.8799
X0066_Y0054,,68.92685,43.355633,73.40328,95.31008,68.03791,82.64338,7.4076805,32.56316,61.863995,46.28447,61.582283
X0067_Y0054,-15.0,25.680061,36.585735,59.1214,88.28258,61.268177,78.04321,10.153635,27.911522,66.01783,39.25842,38.33253
X0068_Y0054,,16.383026,18.13162,66.714096,86.36645,66.05994,81.229935,24.726828,37.916454,56.17141,72.37989,72.2809
X0053_Y0055,83.00792,82.27442,48.272503,25.083868,77.2478,72.29504,39.71153,37.758854,22.186253,59.856247,80.72889,
X0054_Y0055,78.36607,81.302574,59.971973,40.466724,89.42572,78.9627,69.66228,66.14777,59.3114,79.03928,77.73981,
X0055_Y0055,93.18619,57.677696,50.88768,54.891407,79.32507,83.88645,73.86323,79.760185,70.14516,86.63577,67.51184,79.99615
X0056_Y0055,88.305405,21.710794,44.858128,49.902584,76.258736,77.82723,79.41287,60.050762,71.34606,50.462948,69.11873,86.64784
X0057_Y0055,94.13697,37.138386,31.06112,65.77414,59.22216,70.34868,87.1455,56.545403,45.675125,34.936153,67.6792,85.248535
X0058_Y0055,58.980568,53.70685,42.083366,46.664154,56.57232,59.159317,72.797195,12.143643,53.843796,20.425308,62.669056,79.487366
X0059_Y0055,66.79371,33.614613,-0.44428435,67.88871,57.7689,44.55751,92.661064,18.751825,68.40588,25.351362,45.362988,69.53318
X0060_Y0055,50.9365,35.04209,16.192022,83.5466,83.80962,61.444424,89.800674,20.82005,82.41373,35.26355,22.417206,78.696976
X0061_Y0055,10.517388,17.685783,12.558222,95.75703,69.260994,52.995655,85.1541,4.415487,84.81096,36.296993,44.511246,89.260864
X0062_Y0055,11.482121,14.932468,54.160816,97.03064,82.35898,51.159187,81.894646,-6.060583,43.478996,33.319725,32.715004,89.54129
X0063_Y0055,-2.733108,12.421342,3.0359144,87.53769,89.008705,62.84437,85.0517,-1.5733132,15.538615,47.230377,34.545937,80.30151
X0064_Y0055,,16.213081,32.177193,79.37136,87.960884,56.703106,68.739716,8.259659,27.11747,53.90246,15.33325,59.023075
X0065_Y0055,10.156431,6.990654,20.196722,77.7714,91.38861,66.53875,74.10752,-0.041229215,36.565792,69.83562,41.15362,73.47722
X0066_Y0055,62.533005,34.90542,13.73134,91.74033,95.12535,48.160877,76.651,0.31690675,24.993683,60.572212,80.63392,44.785534
X0067_Y0055,,15.094315,19.193354,73.82585,86.72498,63.632565,80.69391,17.394106,18.364502,54.251575,74.409645,11.69678
X0068_Y0055,-15.0,32.913666,29.470589,78.352005,90.84095,68.0505,83.035706,22.758596,9.935441,61.002285,77.11141,49.590538
X0069_Y0055,2.8236332,61.24727,43.009792,45.669544,81.05587,72.40578,72.24586,29.302862,10.558483,53.34465,49.429142,69.2747
X0070_Y0055,30.524878,59.313854,43.443092,42.726986,88.47978,52.079464,66.99704,31.470188,18.04071,47.74346,59.529583,81.41836
X0054_Y0056,75.310875,70.11471,61.766537,34.450607,92.593475,60.149033,60.431534,58.63501,44.475792,89.12263,90.38537,
X0055_Y0056,93.7051,36.566742,61.485634,53.940712,75.104355,53.898933,68.316315,59.47777,76.959404,68.27628,78.958916,74.612625
X0056_Y0056,39.87178,35.862736,70.948906,53.78867,68.60049,58.83208,53.266335,47.278698,56.299698,57.942577,60.622463,94.73207
X0057_Y0056,28.527735,57.38946,64.15272,36.6316,71.40069,78.12124,70.73794,30.815105,67.3467,37.522404,76.00321,69.1608
X0058_Y0056,41.696583,56.251144,34.75871,62.366154,60.10578,74.06662,75.34633,0.2558071,73.669136,23.77357,42.500477,65.60856
X0059_Y0056,51.55089,26.258738,27.19439,86.56782,67.64976,53.378292,82.99088,12.660196,50.706615,28.766356,28.694744,65.756
X0060_Y0056,33.733173,42.526836,35.216652,92.4042,75.38153,54.70542,79.15136,3.8516855,74.166504,34.43827,37.666977,65.78542
X0061_Y0056,17.556961,25.95128,15.810706,93.41317,65.30176,53.243587,83.409515,1.7030084,81.728065,30.597927,33.86421,68.99874
X0062_Y0056,17.991049,9.210276,14.75745,96.74591,94.621315,64.82866,86.56038,2.5011876,31.950352,18.143282,21.809637,85.654915
X0063_Y0056,,38.63504,15.83799,81.517815,73.545204,62.41527,72.058784,22.625145,23.106422,29.29927,26.929056,65.06365
X0064_Y0056,9.7282,22.643467,3.7817144,89.84096,76.146225,58.935925,68.6378,23.17727,38.60789,45.420826,48.44039,48.651398
X0065_Y0056,17.035595,7.2010155,16.989767,92.29987,86.12757,73.234955,63.515114,12.240079,25.109802,64.648125,67.67046,47.419945
X0066_Y0056,50.86746,10.900403,-7.724557,89.42552,87.71598,80.69414,73.6002,14.466116,5.4462895,55.72407,78.188324,25.822193
X0067_Y0056,,50.49359,0.6204042,62.654034,82.70752,62.62782,63.938572,22.042158,14.282203,53.70466,71.218544,45.879147
X0068_Y0056,,69.96989,7.9601774,43.103462,81.940094,59.002865,45.12852,36.49463,3.1824582,61.25167,60.921547,75.90565
X0069_Y0056,,50.9215,35.048973,61.500134,77.44045,79.78348,63.13467,48.609188,12.844468,59.64748,69.32789,46.114113
X0070_Y0056,31.083334,6.5317173,7.877094,81.564644,97.23137,85.04379,65.4508,39.142063,15.659189,60.324047,69.85384,52.04083
X0071_Y0056,44.134808,12.147511,6.727569,50.70006,92.41915,80.600716,64.81541,15.608894,38.933414,60.29191,36.090054,80.21841
X0056_Y0057,51.248512,52.62637,69.46319,41.415604,68.86911,61.927357,60.054775,46.02394,50.090225,24.264866,64.43304,80.9395
X0057_Y0057,39.845028,40.6457,64.979454,44.34218,78.14117,78.55401,77.76942,42.973026,58.11013,30.863312,59.365208,20.877396
X0058_Y0057,13.222567,49.63064,26.462519,64.23325,69.168205,74.79236,69.53122,19.7941,82.060905,26.22126,40.75361,39.709454
X0059_Y0057,40.723156,30.620975,27.29193,97.79299,79.29348,41.954327,78.13413,24.45593,70.23778,21.718147,30.913183,42.75059
X0060_Y0057,34.801807,37.179684,51.150646,95.3673,68.67983,18.93521,82.78675,28.453856,85.72676,24.88519,41.232773,70.23489
X0061_Y0057,67.46549,37.809444,48.717064,97.717445,69.36484,52.14418,86.95324,15.709313,80.825645,24.355238,48.681023,64.9992
X0062_Y0057,59.482876,25.508703,46.89332,97.30685,78.00079,56.30096,88.93986,26.026909,43.78529,40.300396,32.167103,29.808672
X0063_Y0057,65.01599,53.97,65.579216,86.588104,63.69342,46.006916,72.3205,18.543447,44.51859,47.92303,34.10712,9.77784
X0064_Y0057,38.719143,32.656536,46.205086,85.310425,64.03757,63.694717,70.71518,30.392939,45.91528,40.845253,39.863647,13.321969
X0065_Y0057,70.41368,37.904476,16.668095,79.28867,90.317474,67.72254,39.140358,5.427803,13.941222,37.75671,61.31578,-3.6688395
X0066_Y0057,86.567375,30.101204,-3.4756517,72.51531,97.72746,76.22903,59.85336,24.90643,-8.265463,31.84848,84.24118,33.734863
X0067_Y0057,38.711655,36.323456,12.95713,66.12003,89.58437,73.667755,66.72482,33.58846,12.905008,39.11731,74.24077,56.49402
X0068_Y0057,38.61215,45.41063,15.31185,52.86155,78.0338,55.49552,52.95127,40.06999,9.465933,54.30328,67.739944,59.66359
X0069_Y0057,33.104446,51.18981,37.983025,29.355457,84.14477,85.22421,49.81861,63.92225,22.349567,44.81663,28.126602,
X0070_Y0057,48.54942,36.79838,46.29703,71.96995,71.38187,75.626854,52.861748,56.335827,9.808486,62.85904,59.915295,-1.9040816
X0071_Y0057,22.512356,25.334785,35.79807,77.53606,92.6227,72.58301,56.503483,33.134094,49.76439,53.480392,53.679,40.21041
X0056_Y0058,85.05526,59.946957,71.95603,36.2548,64.921715,43.47681,76.93066,46.08506,71.85837,7.6513004,85.31363,31.836405
X0057_Y0058,91.43553,46.601776,62.307842,42.68361,77.65536,62.004974,74.92344,36.133736,55.261227,27.518173,80.09094,27.115812
X0058_Y0058,71.71946,49.39048,35.959385,95.94347,85.71293,38.987663,81.040504,35.59746,59.497005,9.0591755,31.637901,24.07968
X0059_Y0058,42.77107,45.38264,42.044106,96.32474,83.7205,40.949852,73.95408,16.98705,61.550377,15.586322,42.853523,15.854614
X0060_Y0058,12.692305,27.428808,44.452335,97.356384,81.78975,55.46258,81.81219,21.829012,89.667755,26.128368,60.33964,43.447723
X0061_Y0058,42.828053,24.650534,50.02308,97.561935,96.36316,41.650364,85.41321,19.030844,90.30151,-1.0022379,60.342842,46.561615
X0062_Y0058,53.00852,64.416145,78.48701,89.3618,90.37837,36.941128,76.973885,22.258045,71.121994,27.883945,34.098278,13.286473
X0063_Y0058,,88.07785,76.9332,75.22325,78.69973,48.30077,80.372406,9.954597,64.250496,25.48606,25.221874,15.858545
X0064_Y0058,77.791115,29.3926,79.90358,71.36837,93.2624,37.463703,80.272064,11.674613,51.35153,12.378995,41.293427,22.944445
X0065_Y0058,81.55907,25.870474,46.58952,72.57622,87.9054,64.654366,74.92811,38.56919,8.952973,21.296757,63.23136,40.852192
X0066_Y0058,67.830315,24.063396,31.545908,70.98619,95.668884,65.85105,52.376392,44.397663,3.935195,37.248024,64.075195,46.497574
X0067_Y0058,78.74229,24.289206,24.68127,59.285133,95.07515,43.639687,49.870422,28.12786,6.019431,32.070316,63.29162,27.011839
X0068_Y0058,28.661764,58.068966,56.164886,60.296574,89.33383,50.855404,59.76602,56.827126,17.532042,51.47839,46.673737,53.531578
X0069_Y0058,48.788982,62.022156,46.460766,54.16688,68.41154,45.8848,36.62897,72.6092,34.198963,57.423203,55.520332,51.955555
X0070_Y0058,69.55915,49.873013,49.01458,66.30693,57.55504,28.36972,56.334324,63.5753,42.778088,72.47829,60.699657,26.950897
X0071_Y0058,69.02285,72.72768,66.06084,70.219025,68.878525,56.591137,41.03205,21.943748,51.743134,79.65642,53.739697,-4.1055384
X0056_Y0059,65.17513,57.951454,53.639,32.710506,70.7922,64.95235,67.733154,12.673195,70.52382,30.72707,53.68005,67.72509
X0057_Y0059,67.28723,50.629826,58.704304,58.916306,78.79519,78.078445,66.88828,17.712753,76.13733,60.40333,42.200356,38.035442
X0058_Y0059,49.61882,44.065605,74.20894,96.21847,88.48711,27.624039,82.383446,24.236237,62.098953,24.485714,53.702736,58.2487
X0059_Y0059,24.891075,39.000645,31.298868,97.7744,92.38358,19.517319,83.579124,-4.273278,67.38928,30.784801,59.67761,58.659855
X0060_Y0059,24.997429,24.627855,32.74264,97.60229,91.211784,56.068874,81.65549,-4.8247,88.06209,28.125006,43.47997,22.828033
X0061_Y0059,16.088379,43.056145,73.33334,97.52,95.55083,36.095474,82.15872,1.2598534,88.37308,22.251478,60.486927,-1.3065872
X0062_Y0059,,64.27689,73.432465,87.11364,78.55759,57.513844,67.28571,1.0789186,82.04192,46.313187,34.841755,1.9179912
X0063_Y0059,,25.940718,70.39479,81.330864,84.745575,43.651375,80.0984,9.551654,68.53581,57.43037,64.477776,34.886646
X0064_Y0059,38.47403,25.885523,77.46258,84.397736,82.76103,51.954723,83.055214,14.554519,32.062916,28.492624,55.122772,22.108126
X0065_Y0059,51.865032,50.1363,63.707977,68.14489,92.3297,50.044018,87.05392,21.280542,13.542224,61.773994,73.93265,23.235826
X0066_Y0059,48.27989,25.095478,62.53935,66.907845,89.93581,46.529808,64.7759,49.04129,13.677183,55.758785,64.502815,43.94414
X0067_Y0059,39.488045,3.1505175,56.05133,50.370663,92.378815,31.521313,48.121185,57.261597,36.666737,44.09528,47.33389,38.81262
X0068_Y0059,15.393807,20.599228,40.3734,55.66729,84.641235,32.096058,45.393898,62.706863,37.750507,52.897713,56.846203,13.770492
X0069_Y0059,22.087605,1.1776844,37.125546,47.74698,72.052505,19.296953,33.971523,76.522865,58.03776,70.853966,38.372364,41.74388
X0070_Y0059,56.10126,0.9719585,53.160683,43.56072,72.078674,29.199703,54.06148,60.932064,45.951683,77.339134,63.582607,34.731453
X0055_Y0060,42.71994,57.91991,63.98272,41.80421,73.7843,66.96059,65.54619,-0.97184277,31.057978,7.7742267,25.102547,58.806026
X0056_Y0060,21.504616,72.250336,57.988453,29.268011,68.091606,74.21434,64.6182,1.4128675,60.651764,31.372417,35.562225,78.69939
X0057_Y0060,69.60348,46.84452,37.687485,39.647617,89.04303,67.13404,77.01703,13.742233,81.37974,37.885624,50.215927,41.636044
X0058_Y0060,51.465622,23.090225,29.758972,94.61165,90.11654,-8.526521,86.95444,9.216052,59.87674,41.62222,35.596264,17.823391
X0059_Y0060,46.32733,42.73775,61.46575,94.72822,81.80783,3.7198286,88.03166,17.62224,62.445286,49.75356,42.748974,21.741987
X0060_Y0060,20.186962,41.249718,71.84763,91.21879,70.13571,63.147133,67.67223,9.476928,70.185715,46.38985,53.281395,9.225157
X0061_Y0060,43.893112,57.54296,83.02567,92.2612,68.88882,69.20666,76.25944,39.082348,38.24473,53.840668,43.614647,18.503914
X0062_Y0060,88.51087,,83.55433,91.45526,93.36472,59.020905,70.19079,28.903948,76.25278,43.80994,29.994118,11.958995
X0063_Y0060,-7.644936,69.92308,73.88108,91.22985,78.06494,42.560448,77.35192,7.9513273,55.208263,54.04029,78.5094,48.809166
X0064_Y0060,27.586714,8.731091,67.49938,79.668236,80.948135,39.970432,81.72735,24.287235,56.075012,22.42607,64.33904,47.012653
X0065_Y0060,33.21362,-0.8335631,69.6553,83.9565,84.44451,46.86443,86.89881,48.157764,16.51956,51.911156,64.41655,29.641665
X0066_Y0060,44.9325,5.375775,73.44094,73.826965,93.933495,34.41337,82.15007,75.24364,25.968054,56.68872,50.849365,24.776989
X0067_Y0060,29.754108,12.414682,51.134415,53.71747,83.19896,38.694935,70.88826,59.29485,48.389687,30.909,52.8375,38.587273
X0068_Y0060,36.730408,1.8388199,49.985714,54.88204,90.65756,59.368015,57.14018,59.82751,37.990925,59.642895,57.07243,
X0069_Y0060,33.674557,-5.002023,41.430626,43.23394,89.11348,18.381784,23.28885,74.27635,39.2634,79.44961,57.685688,47.117985
X0055_Y0061,38.9107,40.34961,54.511448,31.04752,70.12883,55.00619,75.632614,2.1992419,63.855167,20.157986,34.873566,61.030453
X0056_Y0061,56.559143,23.437546,55.849213,35.67661,70.488754,59.803375,76.562256,-3.1006265,81.48086,30.574617,69.70354,57.028313
X0057_Y0061,33.093372,53.52281,59.59665,77.978096,46.598858,38.861404,63.25759,8.701029,80.15213,64.69498,93.40639,55.55936
X0058_Y0061,28.363144,59.538723,89.80657,78.04713,52.778393,30.913628,44.1904,11.874196,64.52522,68.9254,85.00225,41.15174
X0059_Y0061,34.28351,44.54478,78.81393,85.58667,53.581245,38.99722,84.67786,27.191586,40.965412,70.665115,86.62357,46.207787
X0060_Y0061,25.983189,28.210938,64.05084,89.40467,75.04005,64.91226,33.76387,22.313602,71.72618,66.722046,88.77713,56.76932
X0061_Y0061,79.782486,23.763813,75.6101,85.8981,75.954254,47.11385,69.30529,35.1952,-0.74449605,76.73581,69.30386,39.320545
X0062_Y0061,18.633028,,74.6054,82.42184,85.67891,78.589935,79.42928,48.579006,52.068485,58.184616,44.612,4.846195
X0063_Y0061,25.225416,75.0,72.86543,87.75335,94.829155,76.17338,72.1965,37.47584,52.668804,81.3551,62.25941,4.2689004
X0064_Y0061,49.947853,-8.853913,39.010628,57.31078,96.180885,75.088135,89.6446,53.95495,60.009953,43.530384,73.32747,35.407593
X0065_Y0061,49.100773,-1.056441,50.544147,58.061554,89.87296,77.2911,86.935104,48.86413,55.19845,60.547173,71.63099,29.29024
X0066_Y0061,14.188413,7.638808,37.63211,79.68687,76.14214,69.827995,80.9716,83.466156,40.77651,70.75495,73.947624,35.597145
X0067_Y0061,13.021769,3.6502519,52.491764,64.550224,97.12544,55.730526,76.49701,80.31488,68.102425,66.75294,67.327896,46.04265
X0068_Y0061,19.789902,-3.9265246,48.896755,40.81266,88.81719,44.09321,71.137146,82.24082,74.875694,68.96623,68.08392,24.384615
X0069_Y0061,24.754488,-6.6352897,61.996414,38.33244,83.87247,53.507614,53.691875,74.644615,64.18242,80.80194,42.928684,63.207645
X0070_Y0061,41.670696,-0.71585125,30.89843,55.88889,92.63266,64.192795,64.0065,70.62596,74.0,55.33564,66.42641,35.62285
X0056_Y0062,69.609085,5.3633914,45.12477,76.55086,61.18989,68.620285,76.41664,-3.3463745,79.24817,58.204067,95.592896,66.49453
X0057_Y0062,84.55785,31.777742,72.18501,77.01284,36.3092,51.944252,79.078064,11.442964,67.85336,75.4948,98.05345,67.347725
X0058_Y0062,35.062706,12.957434,84.27845,82.75666,58.283405,59.043827,88.19169,8.681169,75.112625,65.59234,99.04646,37.81588
X0060_Y0062,48.219616,23.230083,86.21348,94.29559,86.848015,48.079224,81.28147,18.626738,40.370274,85.18166,85.93113,57.268356
X0061_Y0062,41.0266,48.87137,69.64295,83.55286,88.81006,61.06123,74.55768,37.547104,33.819588,90.925476,65.63366,40.822433
X0062_Y0062,45.23649,,35.949455,87.00381,86.66759,80.08205,68.91091,41.684155,66.09769,87.354034,54.292194,2.5515833
X0063_Y0062,42.237785,2.1651375,41.50844,73.59581,92.0858,68.84565,59.425,43.44634,62.65991,69.31513,73.0814,23.529411
X0064_Y0062,31.75,13.0078745,38.05655,68.831535,92.99489,77.38467,62.554,49.262825,75.36605,76.26426,58.182472,36.566708
X0065_Y0062,24.437014,4.359259,38.42777,67.85572,82.62544,54.82979,59.119682,50.680187,60.9754,77.770615,88.18625,34.549107
X0066_Y0062,21.936136,4.23503,56.110992,69.06232,86.680374,48.426422,71.95183,78.90918,51.854782,75.120995,49.036526,26.777628
X0069_Y0062,5.4975,-6.018797,49.353638,11.889472,95.96758,65.95126,44.136578,67.39353,71.520874,61.758358,41.10011,46.145668
X0062_Y0063,,-15.0,27.972286,81.46277,46.65044,85.15146,71.01249,53.86021,66.5352,89.431244,49.75645,15.965287
X0063_Y0063,0.5555556,-6.082353,27.205406,48.491863,67.57902,33.915108,57.021305,23.723833,75.59176,65.54625,45.733932,18.412699
